<?xml version="1.0" encoding="UTF-8" standalone="yes"?>
<manifest>
  <control namespace="RatingPCF" constructor="Rating" version="0.0.1" display-name-key="Rating" description-key="Rating description" control-type="virtual" api-version="1.3.5">
    <external-service-usage enabled="false"/>
    <property name="Ratingvalue" display-name-key="Ratingvalue" description-key="Property_Desc_Key" of-type-group="Numbers" usage="bound" required="true"/>
    <type-group name="Numbers">
      <type>Whole.None</type>
      <type>Decimal</type>
      <type>Currency</type>
    </type-group>
    <resources>
      <code path="bundle.js" order="1"/>
      <platform-library name="React" version="16.8.6"/>
      <platform-library name="Fluent" version="8.29.0"/>
    </resources>
    <built-by name="pac" version="1.21.8"/>
  </control>
</manifest>